Navn,Art,Artens ID,Taksonomisk nivå,ArtNavnId,Trend,"Min bestand, par","Maks bestand, par","Gjennomsnitt, par",Index
alke,Alca torda,3599,species,3599,negativ,55000,55000,55000.0,1
alkekonge,Alle alle,3603,species,3603,usikker,,,,
avosett,Recurvirostra avosetta,3715,species,3715,utdødd,0,0,0.0,
bergand,Aythya marila,3488,species,3488,negativ,150,320,235.0,5
bergirisk,Linaria flavirostris,204597,species,204597,usikker,10000,25000,17500.0,1
bjørkefink,Fringilla montifringilla,4252,species,4252,negativ,1500000,2500000,2000000.0,1
blåmeis,Cyanistes caeruleus,4365,species,4365,stabil,200000,350000,275000.0,1
blåstjert,Tarsiger cyanurus,4544,species,4544,positiv,0,5,2.5,10
blåstrupe,Luscinia svecica,183926,species,183926,negativ,250000,500000,375000.0,1
bokfink,Fringilla coelebs,4250,species,4250,stabil,2000000,4000000,3000000.0,1
boltit,Eudromias morinellus,204590,species,204590,stabil,4000,6750,5375.0,1
brunnakke,Mareca penelope,204585,species,204585,usikker,5000,15000,10000.0,1
brunsisik,Acanthis flammea subsp. cabaret,296650,subspecies,185969,usikker,,,,
brushane,Calidris pugnax,156989,species,156989,negativ,1030,1710,1370.0,2
busksanger,Acrocephalus dumetorum,4434,species,4434,positiv,1,10,5.5,10
buskskvett,Saxicola rubetra,4536,species,4536,negativ,80000,150000,115000.0,1
bydue,Columba livia subsp. domestica,4004,subspecies,4003,usikker,10000,30000,20000.0,1
bøksanger,Phylloscopus sibilatrix,4469,species,4469,usikker,2000,20000,11000.0,1
båndkorsnebb,Loxia leucoptera,4256,species,4256,fluktuerende,0,100,50.0,10
dobbeltbekkasin,Gallinago media,3756,species,3756,negativ,5000,15000,10000.0,1
dompap,Pyrrhula pyrrhula,4263,species,4263,stabil,70000,165000,117500.0,1
duetrost,Turdus viscivorus,4565,species,4565,positiv,10000,20000,15000.0,1
dvergdykker,Tachybaptus ruficollis,3964,species,3964,positiv,24,42,33.0,10
dvergfalk,Falco columbarius,3903,species,3903,usikker,2000,5000,3500.0,2
dvergfluesnapper,Ficedula parva,4350,species,4350,stabil,1,5,3.0,10
dverggås,Anser erythropus,3478,species,3478,positiv,20,25,22.5,10
dverglo,Thinornis dubius,298322,species,298322,stabil,150,275,212.5,5
dvergmåke,Hydrocoloeus minutus,3674,species,3674,positiv,80,160,120.0,5
dvergsnipe,Calidris minuta,3748,species,3748,fluktuerende,200,1000,600.0,3
dvergspett,Dryobates minor,204588,species,204588,stabil,2300,5500,3900.0,2
dvergspurv,Emberiza pusilla,4204,species,4204,stabil,15,50,32.5,10
dvergterne,Sternula albifrons,3842,species,3842,utdødd,0,0,0.0,
enkeltbekkasin,Gallinago gallinago,3754,species,3754,negativ,50000,75000,62500.0,1
fiskemåke,Larus canus,3681,species,3681,negativ,90000,125000,107500.0,1
fiskeørn,Pandion haliaetus,3918,species,3918,positiv,400,600,500.0,3
fjellerke,Eremophila alpestris,4126,species,4126,stabil,1000,1500,1250.0,2
fjelljo,Stercorarius longicaudus,3810,species,3810,usikker,3000,7000,5000.0,2
fjellmyrløper,Calidris falcinellus,156990,species,156990,usikker,1650,1800,1725.0,2
fjellrype,Lagopus muta,4070,species,4070,negativ,100000,200000,150000.0,1
fjellvåk,Buteo lagopus,3870,species,3870,fluktuerende,2000,5000,3500.0,2
fjæreplytt,Calidris maritima,3745,species,3745,usikker,1050,4250,2650.0,2
flaggspett,Dendrocopos major,4576,species,4576,stabil,10000,35000,22500.0,1
fossekall,Cinclus cinclus,4158,species,4158,usikker,10000,40000,25000.0,1
fuglekonge,Regulus regulus,4478,species,4478,stabil,950000,1600000,1275000.0,1
furukorsnebb,Loxia pytyopsittacus,4258,species,4258,fluktuerende,2500,25000,13750.0,1
gjerdesmett,Troglodytes troglodytes,4498,species,4498,fluktuerende,350000,700000,525000.0,1
gjøk,Cuculus canorus,4040,species,4040,negativ,5000,15000,10000.0,1
gluttsnipe,Tringa nebularia,3794,species,3794,usikker,7300,16000,11650.0,1
grankorsnebb,Loxia curvirostra,4254,species,4254,fluktuerende,15000,150000,82500.0,1
granmeis,Poecile montanus,4382,species,4382,stabil,500000,800000,650000.0,1
gransanger,Phylloscopus collybita,4458,species,4458,positiv,250000,500000,375000.0,1
gravand,Tadorna tadorna,3536,species,3536,usikker,1600,3200,2400.0,2
gresshoppesanger,Locustella naevia,4452,species,4452,usikker,200,250,225.0,5
grønnfink,Chloris chloris,185920,species,185920,negativ,135000,400000,267500.0,1
grønnsisik,Spinus spinus,185988,species,185988,negativ,150000,500000,325000.0,1
grønnspett,Picus viridis,4593,species,4593,usikker,3000,6500,4750.0,2
grønnstilk,Tringa glareola,3792,species,3792,usikker,20000,35000,27500.0,1
gråfluesnapper,Muscicapa striata,4352,species,4352,stabil,350000,600000,475000.0,1
grågås,Anser anser,3471,species,3471,positiv,18000,21000,19500.0,1
gråhegre,Ardea cinerea,3559,species,3559,stabil,5000,10000,7500.0,1
gråmåke,Larus argentatus,3677,species,3677,negativ,72000,72000,72000.0,1
gråsisik,Acanthis flammea,185969,species,185969,negativ,900000,1750000,1325000.0,1
gråspett,Picus canus,4591,species,4591,usikker,1500,3000,2250.0,2
gråspurv,Passer domesticus,4397,species,4397,usikker,130000,260000,195000.0,1
gråstrupedykker,Podiceps grisegena,3955,species,3955,positiv,1,3,2.0,10
gråtrost,Turdus pilaris,4559,species,4559,negativ,350000,900000,625000.0,1
gulerle,Motacilla flava,4340,species,4340,usikker,75000,150000,112500.0,1
gulirisk,Serinus serinus,4266,species,4266,usikker,0,1,0.5,10
gulsanger,Hippolais icterina,4442,species,4442,usikker,20000,100000,60000.0,1
gulspurv,Emberiza citrinella,4198,species,4198,negativ,100000,200000,150000.0,1
hagesanger,Sylvia borin,4483,species,4483,stabil,380000,890000,635000.0,1
hauksanger,Curruca nisoria,215473,species,215473,negativ,0,5,2.5,10
haukugle,Surnia ulula,4629,species,4629,fluktuerende,1000,10000,5500.0,1
havelle,Clangula hyemalis,3506,species,3506,negativ,3000,7000,5000.0,2
havhest,Fulmarus glacialis,3989,species,3989,negativ,500,1000,750.0,3
havsule,Morus bassanus,3940,species,3940,positiv,5700,5700,5700.0,1
havsvale,Hydrobates pelagicus,3977,species,3977,usikker,10000,10000,10000.0,1
havørn,Haliaeetus albicilla,3887,species,3887,positiv,2800,4200,3500.0,2
heilo,Pluvialis apricaria,3646,species,3646,stabil,150000,300000,225000.0,1
heipiplerke,Anthus pratensis,4322,species,4322,negativ,3500000,4000000,3750000.0,1
hettemåke,Chroicocephalus ridibundus,3671,species,3671,negativ,6750,8000,7375.0,1
horndykker,Podiceps auritus,3952,species,3952,negativ,650,750,700.0,3
hornugle,Asio otus,4606,species,4606,fluktuerende,1500,8000,4750.0,2
hortulan,Emberiza hortulana,4200,species,4200,negativ,10,20,15.0,10
hubro,Bubo bubo,4612,species,4612,negativ,451,681,566.0,3
hvitkinngås,Branta leucopsis,3499,species,3499,positiv,600,700,650.0,3
hvitryggspett,Dendrocopos leucotos,4574,species,4574,usikker,1100,1940,1520.0,2
hønsehauk,Astur gentilis,295741,species,295741,negativ,1384,1856,1620.0,2
isfugl,Alcedo atthis,4022,species,4022,usikker,0,5,2.5,10
islom,Gavia immer,3925,species,3925,stabil,,,,
ismåke,Pagophila eburnea,3701,species,3701,usikker,,,,
jaktfalk,Falco rusticolus,3910,species,3910,stabil,316,518,417.0,3
jernspurv,Prunella modularis,4406,species,4406,stabil,180000,400000,290000.0,1
jerpe,Tetrastes bonasia,4064,species,4064,fluktuerende,12000,40000,26000.0,1
jordugle,Asio flammeus,4604,species,4604,fluktuerende,1000,5000,3000.0,2
kaie,Coloeus monedula,215498,species,215498,usikker,5000,6250,5625.0,1
kanadagås,Branta canadensis,3495,species,3495,usikker,2000,4000,3000.0,2
kattugle,Strix aluco,4622,species,4622,stabil,2500,6000,4250.0,2
kjernebiter,Coccothraustes coccothraustes,4245,species,4245,positiv,2500,10000,6250.0,1
kjøttmeis,Parus major,4372,species,4372,stabil,1000000,2400000,1700000.0,1
knekkand,Spatula querquedula,204587,species,204587,usikker,10,20,15.0,10
knoppsvane,Cygnus olor,3511,species,3511,positiv,480,725,602.5,3
kongeørn,Aquila chrysaetos,3859,species,3859,stabil,1207,1537,1372.0,2
konglebit,Pinicola enucleator,4260,species,4260,fluktuerende,500,1000,750.0,3
kornkråke,Corvus frugilegus,4168,species,4168,negativ,267,294,280.5,3
kornspurv,Emberiza calandra,4195,species,4195,usikker,0,2,1.0,10
kortnebbgås,Anser brachyrhynchus,3473,species,3473,positiv,1,2,1.5,10
krikkand,Anas crecca,3454,species,3454,usikker,20000,30000,25000.0,1
krykkje,Rissa tridactyla,3705,species,3705,negativ,87000,87000,87000.0,1
kråke,Corvus corone,4166,species,4166,stabil,150000,300000,225000.0,1
kvartbekkasin,Lymnocryptes minimus,3771,species,3771,usikker,500,1000,750.0,3
kvinand,Bucephala clangula,3501,species,3501,usikker,15000,20000,17500.0,1
laksand,Mergus merganser,3523,species,3523,usikker,3500,5000,4250.0,2
lappfiskand,Mergellus albellus,3521,species,3521,positiv,35,65,50.0,10
lappiplerke,Anthus cervinus,4314,species,4314,usikker,7000,15000,11000.0,1
lappmeis,Poecile cinctus,4379,species,4379,usikker,2000,2000,2000.0,2
lappsanger,Phylloscopus borealis,4456,species,4456,usikker,15,100,57.5,10
lappspove,Limosa lapponica,3765,species,3765,usikker,1750,2500,2125.0,2
lappspurv,Calcarius lapponicus,4188,species,4188,negativ,100000,225000,162500.0,1
lappugle,Strix nebulosa,4624,species,4624,positiv,70,70,70.0,10
lavskrike,Perisoreus infaustus,4180,species,4180,usikker,2500,10000,6250.0,1
lerkefalk,Falco subbuteo,3911,species,3911,usikker,145,230,187.5,5
linerle,Motacilla alba,4332,species,4332,stabil,400000,600000,500000.0,1
lirype,Lagopus lagopus,4066,species,4066,negativ,150000,250000,200000.0,1
lomvi,Uria aalge,3618,species,3618,positiv,30000,30000,30000.0,1
lunde,Fratercula arctica,3611,species,3611,negativ,1465000,1465000,1465000.0,1
løvmeis,Poecile palustris,4385,species,4385,usikker,15000,75000,45000.0,1
løvsanger,Phylloscopus trochilus,4472,species,4472,negativ,4500000,11000000,7750000.0,1
låvesvale,Hirundo rustica,4277,species,4277,stabil,30000,50000,40000.0,1
makrellterne,Sterna hirundo,3838,species,3838,negativ,11000,11000,11000.0,1
munk,Sylvia atricapilla,4481,species,4481,positiv,630000,1120000,875000.0,1
musvåk,Buteo buteo,3867,species,3867,usikker,1000,2000,1500.0,2
myrhauk,Circus cyaneus,3880,species,3880,fluktuerende,25,140,82.5,10
myrrikse,Porzana porzana,4109,species,4109,usikker,25,30,27.5,10
myrsanger,Acrocephalus palustris,4436,species,4436,positiv,1000,2000,1500.0,2
myrsnipe,Calidris alpina,3732,species,3732,usikker,25000,45000,35000.0,1
sørlig myrsnipe,Calidris alpina subsp. schinzii,3736,subspecies,3732,,100,100,100.0,10
møller,Curruca curruca,215474,species,215474,usikker,22000,40000,31000.0,1
måltrost,Turdus philomelos,4557,species,4557,positiv,1000000,1500000,1250000.0,1
nattergal,Luscinia luscinia,183923,species,183923,usikker,500,1000,750.0,3
nattravn,Caprimulgus europaeus,4597,species,4597,usikker,715,1225,970.0,2
nøttekråke,Nucifraga caryocatactes,4176,species,4176,positiv,800,2000,1400.0,2
nøtteskrike,Garrulus glandarius,4173,species,4173,usikker,45000,170000,107500.0,1
orrfugl,Lyrurus tetrix,4077,species,4077,negativ,50000,100000,75000.0,1
perleugle,Aegolius funereus,4601,species,4601,usikker,2000,15000,8500.0,1
pilfink,Passer montanus,4400,species,4400,usikker,60000,120000,90000.0,1
pirol,Oriolus oriolus,4356,species,4356,utdødd,0,0,0.0,
polarjo,Stercorarius pomarinus,3814,species,3814,fluktuerende,0,10,5.0,10
polarlomvi,Uria lomvia,3622,species,3622,negativ,100,100,100.0,10
polarmåke,Larus hyperboreus,3692,species,3692,negativ,,,,
polarsisik,Acanthis flammea subsp. exilipes,296651,subspecies,185969,fluktuerende,1500,3000,2250.0,2
polarsnipe,Calidris canutus,3738,species,3738,usikker,10,10,10.0,10
polarsvømmesnipe,Phalaropus fulicarius,3781,species,3781,usikker,,,,
praktærfugl,Somateria spectabilis,3534,species,3534,stabil,0,5,2.5,10
ravn,Corvus corax,4162,species,4162,stabil,20000,80000,50000.0,1
ringdue,Columba palumbus,4007,species,4007,stabil,350000,700000,525000.0,1
ringgås,Branta bernicla,3491,species,3491,usikker,1000,1000,1000.0,2
ringtrost,Turdus torquatus,4563,species,4563,usikker,10000,50000,30000.0,1
rosenfink,Carpodacus erythrinus,4241,species,4241,negativ,500,1250,875.0,2
rugde,Scolopax rusticola,3788,species,3788,usikker,50000,75000,62500.0,1
rødnebbterne,Sterna paradisaea,3840,species,3840,stabil,29000,29000,29000.0,1
rødstilk,Tringa totanus,3799,species,3799,negativ,25000,35000,30000.0,1
rødstjert,Phoenicurus phoenicurus,183996,species,183996,stabil,175000,375000,275000.0,1
rødstrupe,Erithacus rubecula,4507,species,4507,negativ,500000,1000000,750000.0,1
rødvingetrost,Turdus iliacus,4547,species,4547,stabil,1000000,2500000,1750000.0,1
rørsanger,Acrocephalus scirpaceus,4438,species,4438,usikker,1600,2400,2000.0,2
sabinemåke,Xema sabini,3708,species,3708,usikker,,,,
sandlo,Charadrius hiaticula,3635,species,3635,positiv,10000,15000,12500.0,1
sandløper,Calidris alba,3731,species,3731,usikker,50,100,75.0,10
sandsvale,Riparia riparia,4280,species,4280,negativ,10000,15000,12500.0,1
sanglerke,Alauda arvensis,4120,species,4120,negativ,100000,300000,200000.0,1
sangsvane,Cygnus cygnus,3510,species,3510,positiv,350,600,475.0,3
sidensvans,Bombycilla garrulus,4140,species,4140,fluktuerende,100,2000,1050.0,2
siland,Mergus serrator,3525,species,3525,usikker,10000,30000,20000.0,1
sildemåke u.a. fuscus,Larus fuscus subsp. fuscus,3685,subspecies,3684,negativ,2000,2000,2000.0,2
sildemåke u.a. intermedius,Larus fuscus subsp. intermedius,3687,subspecies,3684,negativ,26000,26000,26000.0,1
sivhauk,Circus aeruginosus,3878,species,3878,positiv,24,44,34.0,10
sivhøne,Gallinula chloropus,4099,species,4099,stabil,110,215,162.5,5
sivsanger,Acrocephalus schoenobaenus,4437,species,4437,usikker,10000,30000,20000.0,1
sivspurv,Emberiza schoeniclus,4208,species,4208,negativ,200000,500000,350000.0,1
sjøorre,Melanitta fusca,3516,species,3516,negativ,400,650,525.0,3
skjeand,Spatula clypeata,204586,species,204586,usikker,20,100,60.0,10
skjeggmeis,Panurus biarmicus,4360,species,4360,fluktuerende,6,16,11.0,10
skjære,Pica pica,4183,species,4183,stabil,100000,200000,150000.0,1
skjærpiplerke,Anthus petrosus,4320,species,4320,usikker,100000,200000,150000.0,1
skogdue,Columba oenas,4005,species,4005,usikker,500,1000,750.0,3
skogsnipe,Tringa ochropus,3795,species,3795,usikker,6000,12000,9000.0,1
slagugle,Strix uralensis,4626,species,4626,positiv,15,20,17.5,10
smålom,Gavia stellata,3926,species,3926,usikker,2000,5000,3500.0,2
småspove,Numenius phaeopus,3776,species,3776,negativ,2000,10000,6000.0,1
snadderand,Mareca strepera,204584,species,204584,positiv,12,51,31.5,10
snøspurv,Plectrophenax nivalis,4217,species,4217,usikker,20000,160000,90000.0,1
snøugle,Bubo scandiacus,4614,species,4614,fluktuerende,0,100,50.0,10
sothøne,Fulica atra,4096,species,4096,stabil,270,475,372.5,3
sotsnipe,Tringa erythropus,3790,species,3790,usikker,6000,8650,7325.0,1
spettmeis,Sitta europaea,4415,species,4415,usikker,64000,145000,104500.0,1
splitterne,Thalasseus sandvicensis,3848,species,3848,utdødd,0,0,0.0,
spurvehauk,Accipiter nisus,3856,species,3856,usikker,3000,6000,4500.0,2
spurveugle,Glaucidium passerinum,4617,species,4617,usikker,5000,10000,7500.0,1
steinskvett,Oenanthe oenanthe,184055,species,184055,negativ,200000,500000,350000.0,1
steinvender,Arenaria interpres,3724,species,3724,usikker,10000,20000,15000.0,1
stillits,Carduelis carduelis,4227,species,4227,positiv,5000,9000,7000.0,1
stjertand,Anas acuta,3449,species,3449,usikker,215,550,382.5,3
stjertmeis,Aegithalos caudatus,4116,species,4116,fluktuerende,24000,40000,32000.0,1
stokkand,Anas platyrhynchos,3461,species,3461,positiv,43000,75250,59125.0,1
storfugl,Tetrao urogallus,4078,species,4078,usikker,40000,50000,45000.0,1
storjo,Stercorarius skua,3815,species,3815,positiv,110,110,110.0,5
storlom,Gavia arctica,3923,species,3923,stabil,1250,2500,1875.0,2
stormsvale,Hydrobates leucorhous,3982,species,3982,usikker,500,1000,750.0,3
storskarv,Phalacrocorax carbo,3935,species,3935,stabil,16500,21000,18750.0,1
storspove,Numenius arquata,3773,species,3773,negativ,2000,3000,2500.0,2
strandsnipe,Actitis hypoleucos,3719,species,3719,stabil,100000,150000,125000.0,1
stær,Sturnus vulgaris,4426,species,4426,stabil,100000,200000,150000.0,1
svartand,Melanitta nigra,3518,species,3518,negativ,635,1250,942.5,2
svartbak,Larus marinus,3694,species,3694,stabil,43000,43000,43000.0,1
"svarthalespove, underart islandica",Limosa limosa subsp. islandica,3768,subspecies,3767,usikker,42,53,47.5,10
svarthalespove,Limosa limosa,3767,species,3767,negativ,13,30,21.5,10
svarthalsdykker,Podiceps nigricollis,3958,species,3958,positiv,0,2,1.0,10
svarthvit fluesnapper,Ficedula hypoleuca,4348,species,4348,negativ,630000,1350000,990000.0,1
svartmeis,Periparus ater,4375,species,4375,usikker,50000,225000,137500.0,1
svartrødstjert,Phoenicurus ochruros,184000,species,184000,stabil,10,30,20.0,10
svartspett,Dryocopus martius,4582,species,4582,usikker,2000,4000,3000.0,2
svartstrupe,Saxicola rubicola,157405,species,157405,fluktuerende,7,14,10.5,10
svarttrost,Turdus merula,4550,species,4550,stabil,250000,600000,425000.0,1
svømmesnipe,Phalaropus lobatus,3782,species,3782,usikker,5000,10000,7500.0,1
taffeland,Aythya ferina,3486,species,3486,fluktuerende,0,15,7.5,10
taigasædgås,Anser fabalis,3479,species,3479,stabil,30,60,45.0,10
taksvale,Delichon urbicum,4275,species,4275,negativ,30000,50000,40000.0,1
teist,Cepphus grylle,3607,species,3607,negativ,35000,35000,35000.0,1
temmincksnipe,Calidris temminckii,3751,species,3751,usikker,1700,5000,3350.0,2
tjeld,Haematopus ostralegus,3664,species,3664,stabil,50000,100000,75000.0,1
toppand,Aythya fuligula,3487,species,3487,usikker,6500,9000,7750.0,1
toppdykker,Podiceps cristatus,3953,species,3953,stabil,220,380,300.0,3
toppmeis,Lophophanes cristatus,4369,species,4369,negativ,120000,145000,132500.0,1
toppskarv,Gulosus aristotelis,204596,species,204596,stabil,28000,28000,28000.0,1
tornirisk,Linaria cannabina,204598,species,204598,usikker,10000,20000,15000.0,1
tornsanger,Curruca communis,215487,species,215487,positiv,75000,125000,100000.0,1
tornskate,Lanius collurio,4295,species,4295,usikker,3700,4700,4200.0,2
trane,Grus grus,4084,species,4084,positiv,1500,2500,2000.0,2
trekryper,Certhia familiaris,4154,species,4154,usikker,100000,270000,185000.0,1
trelerke,Lullula arborea,4132,species,4132,positiv,110,240,175.0,5
trepiplerke,Anthus trivialis,4329,species,4329,negativ,1000000,1700000,1350000.0,1
tretåspett,Picoides tridactylus,4588,species,4588,usikker,2150,4700,3425.0,2
tundrasædgås,Anser serrirostris,215437,species,215437,positiv,207,415,311.0,3
tyrkerdue,Streptopelia decaocto,4010,species,4010,usikker,550,1200,875.0,2
tyvjo,Stercorarius parasiticus,3813,species,3813,usikker,5000,10000,7500.0,1
tårnfalk,Falco tinnunculus,3913,species,3913,usikker,3000,10000,6500.0,1
tårnseiler,Apus apus,3542,species,3542,stabil,35000,75000,55000.0,1
vaktel,Coturnix coturnix,4052,species,4052,fluktuerende,50,300,175.0,5
vandrefalk,Falco peregrinus,3907,species,3907,positiv,715,1035,875.0,2
vannrikse,Rallus aquaticus,4112,species,4112,stabil,70,170,120.0,5
varsler,Lanius excubitor,4298,species,4298,usikker,1000,5000,3000.0,2
vendehals,Jynx torquilla,4585,species,4585,usikker,1500,3000,2250.0,2
vepsevåk,Pernis apivorus,3899,species,3899,usikker,500,1000,750.0,3
vierspurv,Emberiza rustica,4205,species,4205,negativ,3,4,3.5,10
vintererle,Motacilla cinerea,4336,species,4336,positiv,1500,2500,2000.0,2
vipe,Vanellus vanellus,3654,species,3654,negativ,7500,10000,8750.0,1
ærfugl,Somateria mollissima,3531,species,3531,negativ,87000,87000,87000.0,1
åkerrikse,Crex crex,4094,species,4094,stabil,50,125,87.5,10
